date,Sleep onset,Wake onset,Asleep duration (min),Light sleep duration (min),Deep (SWS) duration (min),REM duration (min),Awake duration (min),Sleep efficiency %,Sleep consistency %,Sleep performance %,sleep_onset_hour,sleep_onset_hour_adj
2024-04-06,2024-04-06 00:48:45,2024-04-06 05:41:00,256,170,65,21,36,92,,50,0.8,24.8
2024-04-06,2024-04-06 07:51:44,2024-04-06 09:56:42,101,70,15,16,23,81,,17,7.85,31.85
2024-04-06,2024-04-06 18:00:54,2024-04-06 20:07:47,99,85,10,4,27,81,,20,18.0,18.0
2024-04-07,2024-04-07 04:20:01,2024-04-07 10:04:11,280,231,39,10,57,82,,71,4.333333333333333,28.333333333333332
2024-04-08,2024-04-08 17:56:06,2024-04-08 23:06:36,172,122,25,25,136,56,22.0,32,17.933333333333334,17.933333333333334
2024-04-08,2024-04-07 20:02:06,2024-04-08 06:38:29,409,174,113,122,227,65,17.0,77,20.033333333333335,20.033333333333335
2024-04-09,2024-04-09 00:57:38,2024-04-09 06:45:38,316,236,56,24,30,91,,54,0.95,24.95
2024-04-10,2024-04-10 19:35:40,2024-04-10 23:19:11,152,124,28,0,69,69,17.0,36,19.583333333333332,19.583333333333332
2024-04-10,2024-04-09 21:54:45,2024-04-10 01:40:55,187,132,46,9,39,82,33.0,68,21.9,21.9
2024-04-10,2024-04-10 12:27:25,2024-04-10 14:27:06,90,56,10,24,29,75,,18,12.45,12.45
2024-04-11,2024-04-11 02:38:39,2024-04-11 07:43:52,233,80,63,90,66,77,,40,2.6333333333333333,26.633333333333333
2024-04-11,2024-04-11 12:25:33,2024-04-11 17:45:40,172,141,26,5,148,54,,49,12.416666666666666,12.416666666666666
2024-04-12,2024-04-11 22:10:59,2024-04-12 06:33:12,428,247,88,93,70,86,15.0,100,22.166666666666668,22.166666666666668
2024-06-21,2024-06-21 14:54:36,2024-06-21 16:30:16,81,53,27,1,13,89,,17,14.9,14.9
2024-06-22,2024-06-22 01:52:55,2024-06-22 16:16:33,576,288,149,139,287,66,,100,1.8666666666666667,25.866666666666667
2024-06-22,2024-06-22 18:10:28,2024-06-22 20:07:15,54,51,0,3,61,48,,12,18.166666666666668,18.166666666666668
2024-06-23,2024-06-23 03:39:00,2024-06-23 15:10:24,473,329,68,76,210,69,27.0,100,3.65,27.65
2024-06-23,2024-06-23 17:27:10,2024-06-23 18:42:09,63,54,9,0,11,92,,14,17.45,17.45
2024-06-24,2024-06-24 14:42:46,2024-06-24 16:16:01,55,19,24,12,38,60,,12,14.7,14.7
2024-06-25,2024-06-25 12:48:56,2024-06-25 14:27:28,36,19,15,2,62,36,,8,12.8,12.8
2024-06-25,2024-06-24 19:19:56,2024-06-25 10:08:23,528,317,91,120,360,59,4.0,100,19.316666666666666,19.316666666666666
2024-06-30,2024-06-30 05:04:47,2024-06-30 17:25:09,513,230,133,150,227,70,,100,5.066666666666666,29.066666666666666
2024-07-01,2024-07-01 11:35:00,2024-07-01 17:48:28,179,119,37,23,193,48,,39,11.583333333333334,35.583333333333336
2024-07-01,2024-07-01 19:57:16,2024-07-01 21:40:08,59,47,10,2,43,59,,10,19.95,19.95
2024-07-06,2024-07-06 17:07:58,2024-07-06 18:57:33,80,41,17,22,21,78,,14,17.116666666666667,17.116666666666667
2024-07-08,2024-07-08 06:03:26,2024-07-08 12:22:12,305,185,32,88,73,80,,47,6.05,30.05
2024-07-11,2024-07-11 07:14:48,2024-07-11 17:16:42,321,190,58,73,278,53,,55,7.233333333333333,31.233333333333334
2024-10-14,2024-10-14 00:37:00,2024-10-14 03:20:00,116,102,14,0,47,81,,24,0.6166666666666667,24.616666666666667
2024-10-14,2024-10-14 03:30:00,2024-10-14 05:30:00,85,52,24,9,35,82,,15,3.5,27.5
2024-10-14,2024-10-14 08:07:00,2024-10-14 10:09:00,109,71,32,6,13,90,,22,8.116666666666667,32.11666666666667
2024-10-14,2024-10-14 15:27:29,2024-10-14 16:38:08,63,45,12,6,7,92,,16,15.45,15.45
2024-10-15,2024-10-15 09:57:42,2024-10-15 13:46:06,205,92,59,54,20,93,,62,9.95,33.95
2024-10-16,2024-10-16 00:30:00,2024-10-16 03:30:00,124,62,34,28,56,87,,23,0.5,24.5
2024-10-17,2024-10-17 20:33:06,2024-10-17 23:35:45,136,88,18,30,46,74,21.0,34,20.55,20.55
2024-10-17,2024-10-16 21:47:59,2024-10-17 01:39:03,202,83,57,62,26,89,30.0,48,21.783333333333335,21.783333333333335
2024-10-17,2024-10-17 06:32:05,2024-10-17 09:29:27,169,58,44,67,8,96,,30,6.533333333333333,30.53333333333333
2024-10-18,2024-10-18 04:22:41,2024-10-18 07:34:57,128,90,26,12,64,66,,22,4.366666666666666,28.366666666666667
2024-10-18,2024-10-18 09:47:07,2024-10-18 16:16:26,305,174,70,61,84,78,,66,9.783333333333333,33.78333333333333
2024-10-19,2024-10-19 19:36:32,2024-10-19 20:48:09,53,53,0,0,18,75,23.0,35,19.6,19.6
2024-10-20,2024-10-20 04:10:35,2024-10-20 06:33:20,134,80,27,27,5,95,,26,4.166666666666667,28.166666666666668
2024-10-20,2024-10-20 17:19:37,2024-10-20 20:18:25,158,73,37,48,19,89,21.0,42,17.316666666666666,17.316666666666666
2024-10-21,2024-10-21 06:06:46,2024-10-21 09:53:09,156,43,50,63,70,69,,27,6.1,30.1
2024-10-21,2024-10-21 18:14:40,2024-10-21 22:34:13,140,82,26,32,119,54,23.0,32,18.233333333333334,18.233333333333334
2024-10-22,2024-10-22 21:47:57,2024-10-22 23:01:30,39,26,13,0,34,100,37.0,7,21.783333333333335,21.783333333333335
2024-10-23,2024-10-23 03:59:29,2024-10-23 05:29:50,80,43,17,20,10,91,,14,3.9833333333333334,27.983333333333334
2024-10-25,2024-10-25 03:54:24,2024-10-25 09:37:07,289,100,73,116,53,84,35.0,49,3.9,27.9
2024-10-26,2024-10-26 18:19:44,2024-10-26 22:16:45,216,166,27,23,21,91,30.0,37,18.316666666666666,18.316666666666666
2024-10-29,2024-10-29 04:40:36,2024-10-29 12:45:22,337,204,52,81,147,69,,57,4.666666666666667,28.666666666666668
2024-10-30,2024-10-30 07:19:29,2024-10-30 15:41:47,338,114,102,122,150,69,30.0,57,7.316666666666666,31.316666666666666
2024-10-31,2024-10-31 05:14:55,2024-10-31 14:28:39,374,153,93,128,177,68,51.0,64,5.233333333333333,29.233333333333334
2024-11-01,2024-11-01 18:05:28,2024-11-01 22:51:57,209,105,57,47,77,73,8.0,35,18.083333333333332,18.083333333333332
2024-11-02,2024-11-02 16:07:03,2024-11-02 17:49:54,84,80,4,0,18,90,4.0,14,16.116666666666667,16.116666666666667
2024-11-03,2024-11-03 01:52:45,2024-11-03 12:15:37,532,252,126,154,90,85,,90,1.8666666666666667,25.866666666666667
2024-11-03,2024-11-03 17:52:40,2024-11-03 19:46:28,84,71,0,13,29,74,11.0,100,17.866666666666667,17.866666666666667
2024-11-04,2024-11-04 08:44:45,2024-11-04 15:38:20,241,154,49,38,172,60,11.0,52,8.733333333333333,32.733333333333334
2024-11-05,2024-11-05 00:42:52,2024-11-05 03:19:04,121,90,31,0,32,80,,21,0.7,24.7
2024-11-05,2024-11-05 11:29:20,2024-11-05 16:26:52,271,184,52,35,26,92,17.0,60,11.483333333333333,35.483333333333334
2024-11-05,2024-11-05 18:33:37,2024-11-05 22:11:50,148,130,0,18,70,67,,26,18.55,18.55
2024-11-06,2024-11-06 01:47:17,2024-11-06 08:09:53,334,197,75,62,48,88,,78,1.7833333333333332,25.78333333333333
2024-11-06,2024-11-06 16:09:33,2024-11-06 18:55:51,142,61,57,24,23,87,,100,16.15,16.15
2024-11-08,2024-11-07 19:33:17,2024-11-08 09:30:09,574,348,111,115,262,68,5.0,100,19.55,19.55
2024-11-10,2024-11-10 01:10:46,2024-11-10 11:12:33,385,217,91,77,216,64,19.0,84,1.1666666666666667,25.166666666666668
2024-11-11,2024-11-11 00:59:24,2024-11-11 08:56:31,352,248,78,26,125,73,37.0,69,0.9833333333333333,24.983333333333334
2024-11-11,2024-11-11 18:15:36,2024-11-11 20:57:06,127,77,25,25,32,81,,23,18.25,18.25
2024-11-12,2024-11-12 16:24:28,2024-11-12 18:27:02,116,65,24,27,6,94,,53,16.4,16.4
2024-11-12,2024-11-12 04:41:16,2024-11-12 12:50:35,367,193,91,83,122,75,,63,4.683333333333334,28.683333333333334
2024-11-12,2024-11-12 00:31:15,2024-11-12 01:45:45,65,39,17,9,6,91,32.0,15,0.5166666666666667,24.516666666666666
2024-11-13,2024-11-13 03:08:33,2024-11-13 10:45:39,324,174,81,69,133,71,29.0,100,3.1333333333333333,27.133333333333333
2024-11-13,2024-11-13 14:58:00,2024-11-13 22:34:08,287,187,43,57,166,63,,63,14.966666666666667,14.966666666666667
2024-11-14,2024-11-14 01:54:01,2024-11-14 04:34:34,137,119,17,1,23,87,19.0,80,1.9,25.9
2024-11-14,2024-11-14 09:06:14,2024-11-14 19:04:40,521,318,100,103,77,88,,100,9.1,33.1
2024-11-16,2024-11-15 22:31:23,2024-11-16 09:54:53,648,249,118,281,35,95,4.0,100,22.516666666666666,22.516666666666666
2024-11-16,2024-11-16 14:25:58,2024-11-16 16:24:41,99,40,29,30,19,94,,22,14.416666666666666,14.416666666666666
2024-11-17,2024-11-16 23:05:04,2024-11-17 05:26:14,340,217,64,59,41,89,14.0,95,23.083333333333332,23.083333333333332
2024-11-17,2024-11-17 13:55:52,2024-11-17 14:56:54,48,25,12,11,12,84,,10,13.916666666666666,13.916666666666666
2024-11-18,2024-11-17 19:44:49,2024-11-18 00:45:42,165,74,57,34,133,55,15.0,38,19.733333333333334,19.733333333333334
2024-11-18,2024-11-18 14:58:52,2024-11-18 16:25:52,74,71,0,3,12,100,,13,14.966666666666667,14.966666666666667
2024-11-19,2024-11-18 18:47:23,2024-11-19 09:47:40,703,495,112,96,197,78,15.0,100,18.783333333333335,18.783333333333335
2024-11-19,2024-11-19 13:36:56,2024-11-19 15:04:54,43,43,0,0,44,51,,10,13.6,13.6
2024-11-23,2024-11-23 00:49:19,2024-11-23 05:29:33,236,193,41,2,42,85,,51,0.8166666666666667,24.816666666666666
2024-11-23,2024-11-23 07:54:37,2024-11-23 17:17:00,389,185,89,115,173,69,,68,7.9,31.9
2024-11-24,2024-11-24 07:57:28,2024-11-24 10:32:14,137,71,12,54,17,91,,30,7.95,31.95
2024-11-24,2024-11-23 23:51:31,2024-11-24 05:28:28,285,173,47,65,49,87,,100,23.85,23.85
2024-11-25,2024-11-24 17:32:47,2024-11-25 07:28:39,548,336,90,122,287,65,7.0,100,17.533333333333335,17.533333333333335
2024-11-26,2024-11-26 02:02:57,2024-11-26 04:56:57,152,77,35,40,22,91,,33,2.033333333333333,26.03333333333333
2024-11-26,2024-11-26 18:08:23,2024-11-26 22:16:53,206,144,45,17,42,83,19.0,67,18.133333333333333,18.133333333333333
2024-11-27,2024-11-27 03:09:36,2024-11-27 18:07:00,740,445,125,170,157,82,,100,3.15,27.15
2024-11-28,2024-11-28 01:07:06,2024-11-28 02:48:02,74,62,12,0,26,81,,14,1.1166666666666667,25.116666666666667
2024-11-29,2024-11-29 02:51:17,2024-11-29 10:08:54,323,206,55,62,111,74,17.0,74,2.85,26.85
2024-12-23,2024-12-23 00:51:30,2024-12-23 11:20:41,470,222,108,140,159,74,,95,0.85,24.85
2024-12-23,2024-12-23 17:11:09,2024-12-23 18:43:55,70,52,18,0,22,78,,15,17.183333333333334,17.183333333333334
2024-12-23,2024-12-23 22:00:05,2024-12-23 23:09:46,61,54,7,0,8,89,,15,22.0,22.0
2024-12-24,2024-12-24 05:46:19,2024-12-24 14:31:40,404,213,75,116,121,76,,100,5.766666666666667,29.766666666666666
2024-12-25,2024-12-24 23:04:01,2024-12-25 02:17:43,100,82,14,4,93,51,13.0,21,23.066666666666666,23.066666666666666
2024-12-25,2024-12-25 04:42:53,2024-12-25 16:35:42,534,310,118,106,178,75,,91,4.7,28.7
2024-12-27,2024-12-27 06:00:19,2024-12-27 20:36:08,673,257,155,261,202,77,12.0,100,6.0,30.0
2024-12-27,2024-12-26 10:01:04,2024-12-27 05:38:33,953,378,239,336,222,81,2.0,100,10.016666666666667,34.016666666666666
2024-12-29,2024-12-29 17:46:47,2024-12-29 18:58:24,67,42,18,7,4,97,15.0,15,17.766666666666666,17.766666666666666
2024-12-30,2024-12-30 06:35:11,2024-12-30 17:23:07,506,283,97,126,141,78,,86,6.583333333333333,30.583333333333332
2024-12-31,2024-12-31 13:11:34,2024-12-31 15:38:10,131,69,24,38,12,92,,21,13.183333333333334,13.183333333333334
2025-01-01,2025-01-01 04:33:44,2025-01-01 16:30:59,531,189,158,184,186,74,27.0,100,4.55,28.55
2025-01-01,2025-01-01 19:29:18,2025-01-01 21:20:20,101,57,28,16,8,95,,22,19.483333333333334,19.483333333333334
2025-01-02,2025-01-02 14:20:48,2025-01-02 15:35:18,70,37,27,6,4,97,,15,14.333333333333334,14.333333333333334
2025-01-04,2025-01-04 10:39:37,2025-01-04 15:02:32,228,86,73,69,32,87,42.0,45,10.65,34.65
2025-01-04,2025-01-04 20:13:11,2025-01-04 23:43:14,107,70,24,13,103,51,,18,20.216666666666665,20.216666666666665
2025-01-05,2025-01-05 12:57:45,2025-01-05 19:10:16,267,54,114,99,105,72,19.0,56,12.95,12.95
2025-01-06,2025-01-06 07:59:30,2025-01-06 14:37:30,334,104,99,131,63,84,18.0,59,7.983333333333333,31.983333333333334
2025-01-07,2025-01-07 02:17:07,2025-01-07 03:41:13,70,29,24,17,14,84,,12,2.283333333333333,26.28333333333333
2025-01-07,2025-01-07 14:09:55,2025-01-07 19:56:28,288,157,67,64,57,83,19.0,57,14.15,14.15
2025-01-08,2025-01-08 11:09:03,2025-01-08 16:47:58,301,119,81,101,34,90,35.0,51,11.15,35.15
2025-01-08,2025-01-08 19:58:29,2025-01-08 22:45:16,111,63,25,23,55,68,,19,19.966666666666665,19.966666666666665
2025-01-11,2025-01-11 11:19:46,2025-01-11 12:47:44,48,19,29,0,39,67,,8,11.316666666666666,35.31666666666666
2025-01-11,2025-01-10 22:35:15,2025-01-11 00:40:13,102,59,24,19,20,84,21.0,17,22.583333333333332,22.583333333333332
2025-01-12,2025-01-11 21:27:43,2025-01-12 00:28:27,115,77,27,11,65,64,46.0,21,21.45,21.45
2025-01-12,2025-01-12 03:23:53,2025-01-12 10:48:58,311,89,117,105,129,74,,53,3.3833333333333333,27.383333333333333
2025-01-13,2025-01-12 19:05:37,2025-01-13 01:14:46,339,238,67,34,30,92,11.0,100,19.083333333333332,19.083333333333332
2025-01-13,2025-01-13 07:57:26,2025-01-13 09:20:35,78,38,24,16,5,97,,17,7.95,31.95
2025-01-14,2025-01-13 17:29:05,2025-01-14 07:24:10,553,329,110,114,282,66,17.0,100,17.483333333333334,17.483333333333334
2025-01-14,2025-01-14 13:24:11,2025-01-14 15:31:33,109,54,25,30,17,85,,24,13.4,13.4
2025-01-16,2025-01-15 22:42:14,2025-01-16 07:30:58,469,136,125,208,59,88,21.0,98,22.7,22.7
2025-01-16,2025-01-16 10:45:42,2025-01-16 12:42:59,107,44,29,34,10,91,,23,10.75,34.75
2025-01-17,2025-01-17 02:30:17,2025-01-17 06:36:22,202,119,49,34,39,83,22.0,55,2.5,26.5
2025-01-17,2025-01-17 11:17:56,2025-01-17 12:33:24,65,43,17,5,9,90,,12,11.283333333333333,35.28333333333333
2025-01-18,2025-01-18 02:50:29,2025-01-18 09:42:25,371,150,105,116,40,90,33.0,78,2.8333333333333335,26.833333333333332
2025-01-18,2025-01-18 14:36:55,2025-01-18 18:55:02,233,104,73,56,23,92,,44,14.6,14.6
2025-01-24,2025-01-24 09:34:16,2025-01-24 10:37:43,60,49,7,4,3,94,,12,9.566666666666666,33.56666666666666
2025-01-24,2025-01-23 21:28:24,2025-01-24 08:25:08,453,246,124,83,188,70,,86,21.466666666666665,21.466666666666665
2025-01-25,2025-01-25 18:06:40,2025-01-25 22:31:30,189,101,43,45,75,72,7.0,59,18.1,18.1
2025-01-25,2025-01-25 04:18:34,2025-01-25 08:21:33,151,62,45,44,40,79,,34,4.3,28.3
2025-01-25,2025-01-25 09:27:33,2025-01-25 14:47:41,262,107,73,82,54,83,,45,9.45,33.45
2025-01-27,2025-01-27 12:24:24,2025-01-27 17:39:43,259,121,76,62,51,84,14.0,49,12.4,12.4
2025-02-05,2025-02-05 17:09:36,2025-02-05 19:56:49,111,93,10,8,55,67,,19,17.15,17.15
2025-02-05,2025-02-05 00:55:23,2025-02-05 10:32:45,397,218,89,90,163,71,,68,0.9166666666666666,24.916666666666668
2025-02-06,2025-02-06 06:37:42,2025-02-06 08:16:43,86,56,4,26,8,91,,15,6.616666666666667,30.616666666666667
2025-02-06,2025-02-06 01:08:35,2025-02-06 05:52:10,241,153,66,22,42,88,,50,1.1333333333333333,25.133333333333333
2025-02-08,2025-02-08 06:18:20,2025-02-08 08:29:33,124,65,23,36,7,96,,22,6.3,30.3
2025-02-09,2025-02-08 22:58:29,2025-02-09 09:37:46,572,433,111,28,67,90,33.0,100,22.966666666666665,22.966666666666665
2025-02-09,2025-02-09 15:18:29,2025-02-09 17:15:17,98,97,0,1,18,85,,21,15.3,15.3
2025-02-10,2025-02-10 17:07:44,2025-02-10 20:56:30,178,83,42,53,50,78,13.0,39,17.116666666666667,17.116666666666667
2025-02-11,2025-02-10 23:36:43,2025-02-11 05:29:29,270,164,70,36,80,77,,46,23.6,23.6
2025-02-11,2025-02-11 06:27:47,2025-02-11 08:32:17,95,75,16,4,29,76,,30,6.45,30.45
2025-02-26,2025-02-26 19:41:57,2025-02-26 23:39:24,138,121,9,8,95,59,,28,19.683333333333334,19.683333333333334
2025-02-27,2025-02-27 03:46:56,2025-02-27 11:55:17,314,201,81,32,173,64,,54,3.7666666666666666,27.766666666666666
2025-03-30,2025-03-30 18:53:40,2025-03-30 20:16:37,71,45,26,0,3,95,,22,18.883333333333333,18.883333333333333
2025-03-30,2025-03-29 18:40:25,2025-03-30 07:02:16,492,234,117,141,248,66,,98,18.666666666666668,18.666666666666668
2025-03-30,2025-03-30 10:32:43,2025-03-30 11:46:44,72,28,44,0,2,97,,15,10.533333333333333,34.53333333333333
2025-03-30,2025-03-30 14:52:16,2025-03-30 16:08:13,64,34,30,0,7,94,,16,14.866666666666667,14.866666666666667
2025-03-31,2025-03-31 02:26:53,2025-03-31 06:17:37,210,82,81,47,20,91,,36,2.4333333333333336,26.433333333333334
2025-03-31,2025-03-31 07:46:27,2025-03-31 10:13:03,135,59,56,20,11,92,,36,7.766666666666667,31.766666666666666
2025-03-31,2025-03-31 15:00:23,2025-03-31 19:16:08,133,39,81,13,122,52,11.0,55,15.0,15.0
2025-04-01,2025-04-01 00:50:56,2025-04-01 04:59:55,216,145,59,12,32,87,,40,0.8333333333333334,24.833333333333332
2025-04-01,2025-04-01 07:37:17,2025-04-01 10:34:10,127,40,64,23,44,74,,40,7.616666666666667,31.616666666666667
2025-04-01,2025-04-01 15:33:01,2025-04-01 22:52:34,243,161,67,15,184,55,18.0,100,15.55,15.55
2025-04-02,2025-04-02 01:50:25,2025-04-02 07:04:17,271,133,91,47,42,86,,59,1.8333333333333335,25.833333333333332
2025-04-02,2025-04-02 09:11:39,2025-04-02 15:44:21,285,144,75,66,95,74,10.0,100,9.183333333333334,33.18333333333334
2025-04-03,2025-04-03 13:49:03,2025-04-03 19:13:46,261,128,77,56,63,80,10.0,56,13.816666666666666,13.816666666666666
2025-04-04,2025-04-03 23:58:26,2025-04-04 10:51:32,452,199,97,156,168,69,,80,23.966666666666665,23.966666666666665
2025-04-05,2025-04-05 00:38:32,2025-04-05 15:46:46,652,366,121,165,248,71,16.0,100,0.6333333333333333,24.633333333333333
2025-04-06,2025-04-06 22:00:36,2025-04-06 23:58:51,97,35,42,20,18,84,,28,22.0,22.0
2025-04-06,2025-04-06 00:20:36,2025-04-06 13:13:01,568,355,81,132,204,73,35.0,100,0.3333333333333333,24.333333333333332
2025-04-06,2025-04-06 15:51:14,2025-04-06 18:00:03,108,76,32,0,16,87,,24,15.85,15.85
2025-04-07,2025-04-07 14:51:34,2025-04-07 18:59:19,196,87,67,42,49,79,3.0,64,14.85,14.85
2025-04-08,2025-04-08 02:50:16,2025-04-08 12:28:59,400,157,142,101,177,69,,77,2.8333333333333335,26.833333333333332
2025-04-09,2025-04-08 22:48:33,2025-04-09 02:10:54,130,78,29,23,72,64,18.0,100,22.8,22.8
2025-04-09,2025-04-09 07:25:42,2025-04-09 09:15:18,80,27,42,11,29,73,,17,7.416666666666667,31.416666666666668
2025-04-09,2025-04-09 15:18:16,2025-04-09 19:03:13,166,46,106,14,32,83,13.0,44,15.3,15.3
2025-04-10,2025-04-10 00:45:52,2025-04-10 17:03:32,639,331,126,182,338,65,,100,0.75,24.75
2025-04-11,2025-04-11 18:58:59,2025-04-11 23:20:32,212,121,79,12,47,82,4.0,37,18.966666666666665,18.966666666666665
2025-04-12,2025-04-12 03:50:55,2025-04-12 09:59:07,272,144,91,37,96,74,,46,3.8333333333333335,27.833333333333332
2025-04-12,2025-04-12 22:02:32,2025-04-12 23:38:47,85,66,17,2,11,88,19.0,15,22.033333333333335,22.033333333333335
2025-04-15,2025-04-15 01:00:37,2025-04-15 05:10:04,191,144,30,17,55,77,18.0,33,1.0,25.0
2025-04-15,2025-04-15 07:11:42,2025-04-15 10:28:17,157,88,29,40,38,81,,27,7.183333333333334,31.183333333333334
2025-05-31,2025-05-31 10:05:32,2025-05-31 12:05:32,102,60,32,10,15,89,,27,10.083333333333334,34.083333333333336
2025-06-01,2025-05-31 22:23:57,2025-06-01 01:26:32,112,38,71,3,58,66,,1,22.383333333333333,22.383333333333333
2025-06-02,2025-06-01 22:58:30,2025-06-02 03:34:22,216,104,67,45,55,79,,23,22.966666666666665,22.966666666666665
2025-06-03,2025-06-03 00:57:13,2025-06-03 12:14:26,466,176,179,111,179,71,15.0,32,0.95,24.95
2025-06-04,2025-06-04 04:33:59,2025-06-04 09:11:30,226,120,69,37,45,83,31.0,27,4.55,28.55
2025-06-04,2025-06-04 15:01:32,2025-06-04 19:19:33,169,54,71,44,89,65,,1,15.016666666666667,15.016666666666667
2025-06-05,2025-06-04 22:57:04,2025-06-05 01:16:35,118,66,28,24,20,86,12.0,9,22.95,22.95
2025-06-05,2025-06-05 05:19:05,2025-06-05 07:33:06,131,30,65,36,3,97,,20,5.316666666666666,29.316666666666666
2025-06-06,2025-06-06 07:48:09,2025-06-06 10:31:40,148,51,69,28,11,92,,20,7.8,31.8
2025-06-07,2025-06-07 02:43:45,2025-06-07 15:05:17,502,231,168,103,239,67,16.0,50,2.716666666666667,26.71666666666667
2025-06-08,2025-06-08 03:40:13,2025-06-08 10:13:14,349,130,90,129,43,89,42.0,67,3.6666666666666665,27.666666666666668
2025-06-08,2025-06-08 16:27:45,2025-06-08 18:00:45,90,19,46,25,2,98,,21,16.45,16.45
2025-06-09,2025-06-09 02:58:46,2025-06-09 09:59:48,349,110,104,135,71,83,46.0,71,2.966666666666667,26.96666666666667
2025-06-09,2025-06-09 21:22:36,2025-06-09 23:06:37,95,25,59,11,9,92,,22,21.366666666666667,21.366666666666667
2025-06-11,2025-06-11 08:49:15,2025-06-11 11:48:16,164,55,62,47,13,92,,25,8.816666666666666,32.81666666666666
2025-06-12,2025-06-12 02:55:43,2025-06-12 13:49:27,548,205,102,241,98,84,27.0,73,2.9166666666666665,26.916666666666668
2025-06-13,2025-06-13 04:25:46,2025-06-13 12:33:17,397,158,78,161,88,81,48.0,71,4.416666666666667,28.416666666666668
2025-06-14,2025-06-14 02:53:52,2025-06-14 04:18:52,54,23,24,7,25,68,57.0,10,2.8833333333333333,26.883333333333333
2025-06-15,2025-06-15 10:19:30,2025-06-15 11:28:00,64,37,15,12,4,93,,22,10.316666666666666,34.31666666666666
2025-06-16,2025-06-16 00:07:52,2025-06-16 07:44:23,344,167,68,109,110,75,27.0,34,0.11666666666666667,24.116666666666667
2025-06-19,2025-06-19 00:41:29,2025-06-19 02:40:29,100,37,49,14,19,84,52.0,20,0.6833333333333333,24.683333333333334
2025-06-19,2025-06-19 05:40:11,2025-06-19 13:05:04,347,177,70,100,95,78,,58,5.666666666666667,29.666666666666668
2025-06-20,2025-06-20 03:27:13,2025-06-20 08:37:51,276,81,77,118,34,89,,84,3.45,27.45
2025-06-20,2025-06-20 12:34:46,2025-06-20 14:08:16,76,37,24,15,15,83,,21,12.566666666666666,12.566666666666666
2025-06-23,2025-06-23 04:34:23,2025-06-23 08:55:24,242,55,86,101,13,94,51.0,60,4.566666666666666,28.566666666666666
2025-06-24,2025-06-24 01:47:50,2025-06-24 13:31:52,536,168,77,291,168,76,26.0,59,1.7833333333333332,25.78333333333333
2025-06-25,2025-06-25 03:45:17,2025-06-25 12:35:19,434,158,92,184,96,82,61.0,75,3.75,27.75
2025-06-26,2025-06-26 02:38:21,2025-06-26 14:05:23,545,212,121,212,142,79,65.0,76,2.6333333333333333,26.633333333333333
2025-06-27,2025-06-27 07:48:18,2025-06-27 14:30:19,290,123,86,81,112,72,40.0,40,7.8,31.8
2025-06-28,2025-06-28 08:20:13,2025-06-28 12:25:44,205,44,66,95,40,83,49.0,30,8.333333333333334,32.333333333333336
2025-06-29,2025-06-29 05:57:24,2025-06-29 13:58:00,433,127,115,191,28,93,63.0,79,5.95,29.95
2025-06-30,2025-06-30 07:21:31,2025-06-30 12:22:49,265,85,99,81,29,90,70.0,52,7.35,31.35
2025-06-30,2025-06-30 19:19:16,2025-06-30 22:29:17,155,34,76,45,34,82,,18,19.316666666666666,19.316666666666666
2025-07-01,2025-07-01 00:44:47,2025-07-01 12:20:18,594,245,127,222,101,85,16.0,73,0.7333333333333333,24.733333333333334
2025-07-02,2025-07-02 06:29:48,2025-07-02 13:57:50,419,146,118,155,27,93,46.0,77,6.483333333333333,30.483333333333334
2025-07-03,2025-07-03 15:58:58,2025-07-03 20:19:59,210,80,71,59,50,80,10.0,26,15.966666666666667,15.966666666666667
2025-07-04,2025-07-04 16:48:35,2025-07-04 21:40:36,239,88,76,75,53,82,27.0,23,16.8,16.8
2025-07-05,2025-07-05 02:32:06,2025-07-05 15:01:13,615,214,146,255,132,82,,68,2.533333333333333,26.53333333333333
2025-07-06,2025-07-06 09:54:41,2025-07-06 15:28:49,297,121,82,94,33,90,25.0,77,9.9,33.9
2025-07-07,2025-07-06 23:12:16,2025-07-07 00:48:46,90,38,38,14,4,96,,8,23.2,23.2
2025-07-07,2025-07-07 07:32:00,2025-07-07 19:03:02,468,208,111,149,219,68,18.0,40,7.533333333333333,31.53333333333333
2025-07-08,2025-07-07 21:12:32,2025-07-08 00:36:32,177,100,32,45,26,87,,13,21.2,21.2
2025-07-09,2025-07-08 22:25:37,2025-07-09 00:03:37,87,25,28,34,7,92,,18,22.416666666666668,22.416666666666668
2025-07-09,2025-07-09 03:10:07,2025-07-09 12:05:39,477,157,120,200,58,89,13.0,76,3.1666666666666665,27.166666666666668
2025-07-10,2025-07-10 08:19:03,2025-07-10 13:22:34,277,59,121,97,26,94,31.0,63,8.316666666666666,32.31666666666666
2025-07-11,2025-07-11 05:43:27,2025-07-11 14:38:29,473,228,116,129,62,88,35.0,73,5.716666666666667,29.71666666666667
2025-07-12,2025-07-12 06:05:36,2025-07-12 15:45:08,498,253,72,173,80,86,49.0,77,6.083333333333333,30.083333333333332
2025-07-13,2025-07-13 14:04:00,2025-07-13 15:00:00,46,22,24,0,10,87,,17,14.066666666666666,14.066666666666666
2025-07-13,2025-07-13 07:39:00,2025-07-13 08:40:00,54,30,24,0,7,96,,21,7.65,31.65
2025-07-13,2025-07-12 23:02:49,2025-07-13 01:33:19,113,82,31,0,34,76,,5,23.033333333333335,23.033333333333335
2025-07-14,2025-07-13 21:20:37,2025-07-14 06:20:20,371,184,92,95,168,68,6.0,41,21.333333333333332,21.333333333333332
2025-07-15,2025-07-15 02:16:46,2025-07-15 09:01:17,339,130,116,93,63,94,21.0,71,2.2666666666666666,26.266666666666666
2025-07-16,2025-07-16 06:04:03,2025-07-16 13:02:34,392,155,142,95,26,93,20.0,71,6.066666666666666,30.066666666666666
2025-07-16,2025-07-16 15:18:04,2025-07-16 17:01:45,80,37,24,19,15,81,,12,15.3,15.3
2025-07-17,2025-07-17 06:49:04,2025-07-17 19:45:06,619,229,142,248,157,79,10.0,67,6.816666666666666,30.816666666666666
2025-07-18,2025-07-18 05:31:47,2025-07-18 10:35:48,260,105,87,68,44,86,26.0,53,5.516666666666667,29.516666666666666
2025-07-19,2025-07-18 21:16:56,2025-07-19 12:19:59,762,409,86,267,141,84,9.0,72,21.266666666666666,21.266666666666666
2025-07-20,2025-07-20 03:42:44,2025-07-20 13:28:36,521,250,100,171,64,89,36.0,77,3.7,27.7
2025-07-21,2025-07-21 04:27:23,2025-07-21 13:54:36,486,283,99,104,81,85,50.0,78,4.45,28.45
2025-07-22,2025-07-22 04:06:15,2025-07-22 11:32:12,402,218,101,83,43,90,62.0,81,4.1,28.1
2025-07-23,2025-07-23 02:39:09,2025-07-23 12:23:07,394,279,77,38,164,67,68.0,64,2.65,26.65
2025-07-24,2025-07-24 14:33:44,2025-07-24 15:31:13,56,15,41,0,1,98,,19,14.55,14.55
2025-07-25,2025-07-25 00:10:05,2025-07-25 13:37:38,665,369,226,70,140,82,44.0,74,0.16666666666666666,24.166666666666668
2025-07-26,2025-07-26 01:04:22,2025-07-26 12:00:55,601,359,146,96,52,92,66.0,85,1.0666666666666667,25.066666666666666
2025-07-27,2025-07-27 03:34:34,2025-07-27 12:43:05,441,237,124,80,102,81,51.0,74,3.5666666666666664,27.566666666666666
2025-07-28,2025-07-27 21:16:02,2025-07-28 02:54:03,240,150,58,32,98,71,11.0,23,21.266666666666666,21.266666666666666
2025-07-29,2025-07-28 18:55:35,2025-07-29 07:25:07,588,373,138,77,161,78,13.0,65,18.916666666666668,18.916666666666668
2025-07-29,2025-07-29 16:56:27,2025-07-29 20:04:27,152,43,109,0,35,81,13.0,6,16.933333333333334,16.933333333333334
2025-07-30,2025-07-30 00:52:28,2025-07-30 08:12:29,416,190,122,104,24,94,,70,0.8666666666666667,24.866666666666667
2025-08-02,2025-08-02 03:06:22,2025-08-02 07:02:59,234,151,44,39,2,98,43.0,37,3.1,27.1
2025-08-08,2025-08-08 00:06:07,2025-08-08 12:16:20,534,367,75,92,189,73,,72,0.1,24.1
2025-08-09,2025-08-09 00:49:38,2025-08-09 12:49:11,636,413,100,123,83,88,,91,0.8166666666666667,24.816666666666666
2025-08-10,2025-08-10 02:06:33,2025-08-10 10:03:51,280,202,68,10,174,63,56.0,42,2.1,26.1
2025-08-11,2025-08-11 02:48:21,2025-08-11 07:28:52,263,103,111,49,15,94,45.0,49,2.8,26.8
2025-08-11,2025-08-11 09:29:44,2025-08-11 12:36:45,164,59,81,24,17,90,,27,9.483333333333333,33.483333333333334
2025-08-12,2025-08-12 04:06:00,2025-08-12 12:23:02,420,175,165,80,61,87,59.0,79,4.1,28.1
2025-08-13,2025-08-13 00:13:13,2025-08-13 11:43:16,620,422,84,114,62,91,54.0,82,0.21666666666666667,24.216666666666665
2025-08-14,2025-08-13 23:18:25,2025-08-14 09:39:28,531,402,75,54,83,86,46.0,77,23.3,23.3
2025-08-15,2025-08-15 01:08:55,2025-08-15 07:18:22,281,193,57,31,70,76,46.0,51,1.1333333333333333,25.133333333333333
2025-08-16,2025-08-16 02:16:32,2025-08-16 10:41:04,435,221,131,83,60,87,58.0,76,2.2666666666666666,26.266666666666666
2025-08-16,2025-08-16 19:09:39,2025-08-16 20:58:18,75,31,40,4,30,71,,4,19.15,19.15
2025-08-17,2025-08-17 03:40:24,2025-08-17 18:14:26,742,305,191,246,132,84,9.0,72,3.6666666666666665,27.666666666666668
2025-08-18,2025-08-17 19:23:26,2025-08-18 09:30:23,573,330,105,138,253,68,5.0,51,19.383333333333333,19.383333333333333
2025-08-19,2025-08-19 01:46:37,2025-08-19 13:48:10,573,292,111,170,50,92,27.0,73,1.7666666666666666,25.766666666666666
2025-08-20,2025-08-20 01:05:21,2025-08-20 10:56:23,560,322,82,156,26,95,40.0,79,1.0833333333333333,25.083333333333332
2025-08-21,2025-08-21 01:36:52,2025-08-21 05:44:55,214,157,38,19,19,92,26.0,42,1.6,25.6
2025-08-21,2025-08-21 15:18:09,2025-08-21 18:25:09,78,24,39,15,98,44,,1,15.3,15.3
2025-08-22,2025-08-21 23:24:33,2025-08-22 16:32:23,870,512,158,200,157,84,16.0,71,23.4,23.4
2025-08-23,2025-08-23 02:51:45,2025-08-23 12:16:01,448,268,103,77,59,87,34.0,73,2.85,26.85
2025-08-24,2025-08-24 01:18:32,2025-08-24 12:54:47,552,269,134,149,89,86,50.0,78,1.3,25.3
2025-08-25,2025-08-25 01:19:57,2025-08-25 07:15:34,243,131,32,80,109,69,35.0,28,1.3166666666666667,25.316666666666666
2025-08-26,2025-08-25 23:58:48,2025-08-26 15:07:21,794,459,146,189,114,87,40.0,74,23.966666666666665,23.966666666666665
2025-08-27,2025-08-26 23:45:11,2025-08-27 06:50:06,255,212,34,9,169,60,39.0,28,23.75,23.75
2025-08-28,2025-08-27 19:55:46,2025-08-28 12:30:49,660,427,152,81,244,73,25.0,58,19.916666666666668,19.916666666666668
2025-08-29,2025-08-29 00:22:35,2025-08-29 14:52:37,635,369,137,129,212,74,40.0,62,0.36666666666666664,24.366666666666667
2025-08-30,2025-08-30 02:13:36,2025-08-30 10:05:37,394,279,79,36,39,90,34.0,73,2.216666666666667,26.21666666666667
2025-08-31,2025-08-31 07:12:24,2025-08-31 09:24:24,114,81,25,8,17,87,,18,7.2,31.2
2025-09-01,2025-09-01 07:01:40,2025-09-01 08:34:10,84,51,26,7,7,92,,19,7.016666666666667,31.016666666666666
2025-09-01,2025-09-01 00:37:14,2025-09-01 04:24:45,185,63,104,18,42,84,29.0,37,0.6166666666666667,24.616666666666667
2025-09-02,2025-09-02 00:12:15,2025-09-02 13:58:48,681,312,197,172,141,82,28.0,63,0.2,24.2
2025-09-03,2025-09-03 02:04:12,2025-09-03 05:41:13,195,80,91,24,14,93,31.0,37,2.066666666666667,26.066666666666666
2025-09-03,2025-09-03 07:51:35,2025-09-03 09:08:05,72,43,29,0,3,96,,19,7.85,31.85
2025-09-03,2025-09-03 16:49:40,2025-09-03 19:56:11,175,55,90,30,7,96,,23,16.816666666666666,16.816666666666666
2025-09-04,2025-09-04 01:59:57,2025-09-04 07:29:58,218,139,68,11,109,66,26.0,33,1.9833333333333334,25.983333333333334
2025-09-05,2025-09-05 03:39:25,2025-09-05 13:23:26,434,140,203,91,112,79,27.0,60,3.65,27.65
2025-09-06,2025-09-06 00:02:41,2025-09-06 06:13:42,323,142,128,53,45,87,30.0,63,0.03333333333333333,24.033333333333335
2025-09-06,2025-09-06 16:41:22,2025-09-06 19:59:22,159,85,62,12,37,81,,11,16.683333333333334,16.683333333333334
2025-09-07,2025-09-06 22:17:04,2025-09-07 04:38:38,337,203,82,52,40,89,17.0,71,22.283333333333335,22.283333333333335
2025-09-07,2025-09-07 15:27:37,2025-09-07 17:59:37,112,60,37,15,36,75,,7,15.45,15.45
2025-09-07,2025-09-07 22:25:32,2025-09-07 23:53:02,46,22,24,0,30,60,21.0,1,22.416666666666668,22.416666666666668
2025-09-08,2025-09-08 02:02:32,2025-09-08 08:54:21,277,85,126,66,107,70,,18,2.033333333333333,26.03333333333333
2025-09-09,2025-09-09 00:10:27,2025-09-09 12:34:30,623,323,133,167,110,84,21.0,73,0.16666666666666666,24.166666666666668
2025-09-11,2025-09-11 02:07:49,2025-09-11 11:58:50,496,215,149,132,90,84,41.0,68,2.1166666666666667,26.116666666666667
2025-09-12,2025-09-12 15:03:35,2025-09-12 17:12:05,99,49,41,9,25,81,,12,15.05,15.05
2025-09-12,2025-09-12 04:22:04,2025-09-12 09:16:04,188,86,67,35,106,66,44.0,13,4.366666666666666,28.366666666666667
2025-09-13,2025-09-13 21:52:08,2025-09-13 23:24:08,82,44,21,17,10,89,,19,21.866666666666667,21.866666666666667
2025-10-05,2025-10-05 05:00:15,2025-10-05 12:32:47,420,165,125,130,32,92,,85,5.0,29.0
2025-10-06,2025-10-06 05:44:31,2025-10-06 15:44:33,495,200,167,128,93,84,,84,5.733333333333333,29.733333333333334
2025-10-07,2025-10-07 04:34:40,2025-10-07 14:29:41,440,194,111,135,139,76,68.0,73,4.566666666666666,28.566666666666666
2025-10-08,2025-10-08 03:25:27,2025-10-08 14:16:13,487,257,110,120,106,82,69.0,78,3.4166666666666665,27.416666666666668
2025-10-09,2025-10-09 03:16:25,2025-10-09 12:15:57,428,202,91,135,106,80,63.0,75,3.2666666666666666,27.266666666666666
2025-10-09,2025-10-09 14:57:57,2025-10-09 16:41:27,101,49,34,18,0,100,,22,14.95,14.95
2025-10-10,2025-10-09 22:16:33,2025-10-10 00:13:04,80,57,23,0,34,70,,3,22.266666666666666,22.266666666666666
2025-10-10,2025-10-10 04:01:04,2025-10-10 11:27:05,415,208,90,117,30,93,39.0,79,4.016666666666667,28.016666666666666
2025-10-11,2025-10-11 09:05:58,2025-10-11 10:57:29,95,41,31,23,13,88,,18,9.083333333333334,33.083333333333336
2025-10-11,2025-10-10 23:58:57,2025-10-11 01:02:57,54,26,27,1,8,87,,9,23.966666666666665,23.966666666666665
2025-10-11,2025-10-11 03:38:28,2025-10-11 07:01:28,187,40,83,64,14,93,49.0,46,3.6333333333333333,27.633333333333333
2025-10-12,2025-10-12 01:22:51,2025-10-12 04:09:22,153,36,88,29,13,92,32.0,18,1.3666666666666667,25.366666666666667
2025-10-13,2025-10-12 21:46:46,2025-10-13 12:46:49,741,419,162,160,125,85,21.0,73,21.766666666666666,21.766666666666666
2025-10-14,2025-10-14 00:13:54,2025-10-14 10:54:25,448,220,130,98,175,70,43.0,62,0.21666666666666667,24.216666666666665
2025-10-15,2025-10-15 01:04:28,2025-10-15 06:21:29,278,114,119,45,37,89,40.0,65,1.0666666666666667,25.066666666666666
2025-10-15,2025-10-15 09:05:40,2025-10-15 10:29:11,77,38,32,7,3,97,,22,9.083333333333334,33.083333333333336
2025-10-15,2025-10-15 14:42:07,2025-10-15 16:17:10,89,37,52,0,6,94,,21,14.7,14.7
2025-10-16,2025-10-16 00:32:31,2025-10-16 05:46:34,287,73,136,78,27,91,,73,0.5333333333333333,24.533333333333335
2025-10-16,2025-10-16 08:13:12,2025-10-16 12:32:22,214,91,68,55,45,82,22.0,71,8.216666666666667,32.21666666666667
2025-10-17,2025-10-17 01:45:51,2025-10-17 14:11:23,584,277,176,131,161,78,35.0,66,1.75,25.75
2025-10-18,2025-10-18 04:54:54,2025-10-18 12:22:59,343,147,112,84,103,76,37.0,58,4.9,28.9
2025-10-19,2025-10-19 04:29:44,2025-10-19 10:19:28,311,141,125,45,38,88,56.0,60,4.483333333333333,28.483333333333334
2025-10-19,2025-10-19 20:44:50,2025-10-19 22:23:56,71,15,50,6,28,71,,3,20.733333333333334,20.733333333333334
2025-10-20,2025-10-20 04:20:31,2025-10-20 19:50:33,650,319,166,165,271,69,16.0,52,4.333333333333333,28.333333333333332
2025-10-21,2025-10-21 20:09:32,2025-10-21 22:03:50,59,42,10,7,55,51,,1,20.15,20.15
2025-10-21,2025-10-21 05:49:45,2025-10-21 09:47:46,235,128,79,28,3,98,19.0,43,5.816666666666666,29.816666666666666
2025-10-22,2025-10-22 04:14:33,2025-10-22 12:02:30,388,144,143,101,79,83,41.0,68,4.233333333333333,28.233333333333334
2025-10-23,2025-10-22 23:48:06,2025-10-23 10:32:37,576,285,109,182,68,89,23.0,76,23.8,23.8
2025-10-24,2025-10-24 00:36:20,2025-10-24 15:33:51,698,387,134,177,199,77,19.0,65,0.6,24.6
2025-10-25,2025-10-25 03:16:33,2025-10-25 09:47:59,265,147,71,47,126,67,41.0,46,3.2666666666666666,27.266666666666666
2025-10-25,2025-10-24 23:54:33,2025-10-25 01:04:25,66,38,28,0,3,95,,14,23.9,23.9
2025-10-26,2025-10-25 22:12:36,2025-10-26 07:04:37,458,274,74,110,74,86,27.0,68,22.2,22.2
2025-10-27,2025-10-27 03:36:01,2025-10-27 14:34:44,447,226,93,128,211,67,26.0,50,3.6,27.6
2025-10-27,2025-10-27 21:57:06,2025-10-27 22:53:24,39,17,22,0,17,70,,3,21.95,21.95
2025-10-28,2025-10-28 03:05:16,2025-10-28 09:43:37,313,137,85,91,67,78,41.0,62,3.0833333333333335,27.083333333333332
2025-10-29,2025-10-28 21:38:13,2025-10-29 11:30:31,633,311,162,160,199,76,32.0,64,21.633333333333333,21.633333333333333
2025-10-30,2025-10-30 02:43:59,2025-10-30 08:29:07,294,168,77,49,51,85,47.0,66,2.716666666666667,26.71666666666667
2025-10-31,2025-10-30 22:04:55,2025-10-31 10:19:40,549,324,91,134,172,74,47.0,66,22.066666666666666,22.066666666666666
2025-11-01,2025-10-31 23:54:47,2025-11-01 06:50:51,320,123,123,74,96,76,,53,23.9,23.9
2025-11-01,2025-11-01 08:01:25,2025-11-01 10:37:47,132,81,47,4,24,84,48.0,70,8.016666666666667,32.016666666666666
2025-11-02,2025-11-02 03:20:29,2025-11-02 04:30:40,54,31,23,0,15,78,,13,3.3333333333333335,27.333333333333332
2025-11-02,2025-11-02 10:03:59,2025-11-02 11:10:37,58,30,28,0,8,87,,15,10.05,34.05
2025-11-03,2025-11-03 03:14:36,2025-11-03 12:53:45,509,153,182,174,70,88,2.0,74,3.2333333333333334,27.233333333333334
2025-11-03,2025-11-02 14:29:58,2025-11-03 00:33:39,345,182,98,65,258,57,,38,14.483333333333333,14.483333333333333
2025-11-04,2025-11-04 00:14:12,2025-11-04 12:21:53,631,323,116,192,96,86,19.0,72,0.23333333333333334,24.233333333333334
2025-11-05,2025-11-04 23:29:51,2025-11-05 10:35:05,568,291,141,136,97,92,32.0,77,23.483333333333334,23.483333333333334
2025-11-05,2025-11-05 18:03:33,2025-11-05 20:51:36,156,78,58,20,12,93,,12,18.05,18.05
2025-11-06,2025-11-06 00:49:35,2025-11-06 08:23:29,309,125,100,84,143,68,26.0,55,0.8166666666666667,24.816666666666666
2025-11-07,2025-11-07 00:02:18,2025-11-07 05:15:22,270,118,100,52,43,86,29.0,57,0.03333333333333333,24.033333333333335
2025-11-07,2025-11-07 07:46:12,2025-11-07 11:15:43,205,73,78,54,4,98,,30,7.766666666666667,31.766666666666666
2025-11-08,2025-11-08 01:44:21,2025-11-08 06:51:59,248,96,112,40,32,80,47.0,58,1.7333333333333334,25.733333333333334
2025-11-08,2025-11-08 21:44:13,2025-11-08 23:29:13,84,40,44,0,21,80,,11,21.733333333333334,21.733333333333334
2025-11-09,2025-11-09 04:11:58,2025-11-09 15:08:17,471,214,141,116,185,71,8.0,53,4.183333333333334,28.183333333333334
2025-11-10,2025-11-10 14:51:26,2025-11-10 20:11:36,249,73,142,34,71,77,5.0,31,14.85,14.85
2025-11-11,2025-11-11 07:15:28,2025-11-11 22:20:35,540,369,52,119,365,59,9.0,35,7.25,31.25
2025-11-12,2025-11-12 00:49:00,2025-11-12 12:26:24,538,247,192,99,159,77,6.0,62,0.8166666666666667,24.816666666666666
2025-11-13,2025-11-13 04:51:42,2025-11-13 14:50:52,481,310,103,68,118,80,,53,4.85,28.85
2025-11-13,2025-11-13 00:38:42,2025-11-13 02:24:12,72,56,16,0,33,68,8.0,1,0.6333333333333333,24.633333333333333
2025-11-14,2025-11-14 03:23:24,2025-11-14 11:52:25,459,223,148,88,50,93,28.0,75,3.3833333333333333,27.383333333333333
2025-11-15,2025-11-15 02:55:54,2025-11-15 14:03:27,557,223,177,157,110,83,49.0,69,2.9166666666666665,26.916666666666668
2025-11-16,2025-11-16 05:57:24,2025-11-16 13:10:55,397,75,165,157,36,91,55.0,74,5.95,29.95
2025-11-16,2025-11-16 15:58:26,2025-11-16 18:19:26,138,58,28,52,3,98,,19,15.966666666666667,15.966666666666667
2025-11-17,2025-11-17 11:26:09,2025-11-17 14:22:36,147,80,51,16,29,83,16.0,22,11.433333333333334,35.43333333333334
2025-11-18,2025-11-17 20:43:42,2025-11-18 12:54:22,725,592,73,60,245,74,10.0,53,20.716666666666665,20.716666666666665
2025-11-18,2025-11-18 13:43:19,2025-11-18 18:38:04,202,102,88,12,92,68,,10,13.716666666666667,13.716666666666667
2025-11-19,2025-11-19 09:50:36,2025-11-19 10:48:41,56,31,25,0,2,99,,19,9.833333333333334,33.833333333333336
2025-11-20,2025-11-20 03:07:22,2025-11-20 18:44:33,748,352,196,200,189,79,15.0,61,3.1166666666666667,27.116666666666667
2025-11-20,2025-11-20 19:40:37,2025-11-20 21:37:41,110,31,53,26,7,94,10.0,9,19.666666666666668,19.666666666666668
2025-11-21,2025-11-21 10:07:14,2025-11-21 14:27:53,205,111,66,28,55,78,,13,10.116666666666667,34.11666666666667
2025-11-22,2025-11-22 01:32:07,2025-11-22 15:27:17,683,319,165,199,152,81,20.0,66,1.5333333333333332,25.53333333333333
2025-11-23,2025-11-23 03:32:04,2025-11-23 15:32:20,597,322,124,151,123,82,45.0,71,3.533333333333333,27.53333333333333
2025-11-24,2025-11-24 07:27:30,2025-11-24 13:55:12,325,136,97,92,62,84,43.0,68,7.45,31.45
2025-11-26,2025-11-26 11:33:01,2025-11-26 14:09:32,144,75,57,12,12,92,31.0,22,11.55,35.55
2025-11-27,2025-11-27 12:05:50,2025-11-27 16:21:29,173,78,65,30,76,67,9.0,54,12.083333333333334,12.083333333333334
2025-11-27,2025-11-26 19:56:47,2025-11-27 09:52:49,622,403,154,65,214,74,,61,19.933333333333334,19.933333333333334
2025-11-28,2025-11-28 07:03:21,2025-11-28 13:22:17,283,185,78,20,95,74,20.0,42,7.05,31.05
2025-11-28,2025-11-28 19:44:33,2025-11-28 20:57:18,71,21,50,0,1,97,,19,19.733333333333334,19.733333333333334
2025-11-29,2025-11-29 03:25:03,2025-11-29 15:15:32,657,425,134,98,53,92,26.0,77,3.4166666666666665,27.416666666666668
2025-11-30,2025-11-30 06:36:17,2025-11-30 10:05:48,180,95,66,19,29,85,35.0,29,6.6,30.6
2025-12-01,2025-11-30 22:28:07,2025-12-01 12:43:40,702,420,249,33,153,82,18.0,59,22.466666666666665,22.466666666666665
2025-12-01,2025-12-01 18:51:11,2025-12-01 21:27:42,122,73,49,0,34,78,,10,18.85,18.85
2025-12-02,2025-12-02 05:20:42,2025-12-02 15:09:44,463,237,160,66,126,78,28.0,67,5.333333333333333,29.333333333333332
2025-12-03,2025-12-03 15:17:50,2025-12-03 18:41:03,145,39,100,6,43,71,5.0,4,15.283333333333333,15.283333333333333
2025-12-04,2025-12-04 06:30:03,2025-12-04 14:06:46,375,207,120,48,81,82,28.0,55,6.5,30.5
2025-12-05,2025-12-05 03:55:52,2025-12-05 12:07:59,378,198,135,45,114,76,33.0,50,3.9166666666666665,27.916666666666668
2025-12-05,2025-12-05 14:14:53,2025-12-05 15:47:29,91,33,54,4,1,98,,19,14.233333333333333,14.233333333333333
2025-12-06,2025-12-06 05:47:05,2025-12-06 13:51:02,385,163,161,61,98,79,49.0,68,5.783333333333333,29.78333333333333
2025-12-07,2025-12-07 10:07:09,2025-12-07 15:09:43,193,106,68,19,109,63,,6,10.116666666666667,34.11666666666667
2025-12-07,2025-12-07 05:21:08,2025-12-07 07:01:31,95,46,49,0,5,95,53.0,24,5.35,29.35
2025-12-09,2025-12-09 15:06:15,2025-12-09 16:30:45,41,30,5,6,43,51,,3,15.1,15.1
2025-12-09,2025-12-09 07:11:44,2025-12-09 12:49:10,249,71,109,69,88,74,48.0,46,7.183333333333334,31.183333333333334
2025-12-09,2025-12-09 19:04:15,2025-12-09 20:32:15,82,29,53,0,6,94,,9,19.066666666666666,19.066666666666666
2025-12-10,2025-12-09 23:06:46,2025-12-10 13:37:18,559,344,117,98,311,64,7.0,47,23.1,23.1
2025-12-11,2025-12-11 05:39:49,2025-12-11 16:21:03,475,240,164,71,166,74,33.0,48,5.65,29.65
2025-12-12,2025-12-12 03:56:57,2025-12-12 17:50:29,648,376,143,129,185,77,39.0,62,3.9333333333333336,27.933333333333334
2025-12-12,2025-12-12 20:25:30,2025-12-12 21:36:45,70,28,42,0,1,99,,9,20.416666666666668,20.416666666666668
2025-12-13,2025-12-13 03:45:00,2025-12-13 05:47:46,79,30,46,3,43,64,39.0,2,3.75,27.75
2025-12-13,2025-12-13 08:09:31,2025-12-13 12:04:01,149,49,62,38,85,64,,1,8.15,32.15
2025-12-14,2025-12-14 05:11:41,2025-12-14 15:43:02,515,195,183,137,116,81,45.0,72,5.183333333333334,29.183333333333334
2025-12-14,2025-12-14 19:20:04,2025-12-14 23:21:35,133,87,42,4,108,55,,1,19.333333333333332,19.333333333333332
2025-12-15,2025-12-15 05:46:04,2025-12-15 21:12:37,620,386,155,79,306,66,23.0,48,5.766666666666667,29.766666666666666
2025-12-16,2025-12-15 22:20:07,2025-12-16 03:58:37,222,163,46,13,116,80,,32,22.333333333333332,22.333333333333332
2025-12-16,2025-12-16 06:02:08,2025-12-16 15:38:33,391,267,93,31,185,67,16.0,51,6.033333333333333,30.03333333333333
2025-12-16,2025-12-16 21:20:02,2025-12-16 22:34:38,61,39,22,0,13,81,,12,21.333333333333332,21.333333333333332
2025-12-17,2025-12-17 00:54:32,2025-12-17 03:21:09,115,37,73,5,31,79,,6,0.9,24.9
2025-12-20,2025-12-20 07:01:37,2025-12-20 08:25:57,74,28,44,2,7,91,,27,7.016666666666667,31.016666666666666
2025-12-21,2025-12-20 20:38:56,2025-12-21 13:33:45,643,465,120,58,371,63,,68,20.633333333333333,20.633333333333333
2025-12-21,2025-12-21 16:27:53,2025-12-21 17:40:13,48,11,37,0,24,98,,26,16.45,16.45
2025-12-22,2025-12-21 20:56:25,2025-12-22 02:37:25,215,130,79,6,126,63,17.0,11,20.933333333333334,20.933333333333334
2025-12-22,2025-12-22 07:31:25,2025-12-22 21:25:58,671,481,126,64,163,80,,63,7.516666666666667,31.516666666666666
2025-12-23,2025-12-23 01:08:28,2025-12-23 16:37:01,681,472,139,70,247,73,9.0,54,1.1333333333333333,25.133333333333333
2025-12-26,2025-12-26 00:59:55,2025-12-26 11:05:27,523,362,137,24,82,86,,78,0.9833333333333333,24.983333333333334
2025-12-27,2025-12-26 21:01:19,2025-12-27 08:52:48,580,330,211,39,131,81,18.0,67,21.016666666666666,21.016666666666666
2025-12-28,2025-12-27 21:21:18,2025-12-28 11:14:29,607,329,230,48,207,72,49.0,67,21.35,21.35
2025-12-28,2025-12-28 17:47:56,2025-12-28 19:33:34,105,53,52,0,0,99,,11,17.783333333333335,17.783333333333335
2025-12-29,2025-12-28 23:57:05,2025-12-29 12:44:44,609,332,185,92,158,79,39.0,67,23.95,23.95
2025-12-30,2025-12-29 23:28:45,2025-12-30 08:10:38,409,186,169,54,112,78,48.0,58,23.466666666666665,23.466666666666665
2025-12-30,2025-12-30 18:09:47,2025-12-30 23:38:15,277,112,88,77,51,84,3.0,24,18.15,18.15
2025-12-31,2025-12-31 02:05:26,2025-12-31 11:00:21,427,277,107,43,107,79,,52,2.0833333333333335,26.083333333333332
2026-01-01,2026-01-01 01:20:25,2026-01-01 11:05:57,398,112,212,74,187,67,47.0,38,1.3333333333333333,25.333333333333332
2026-01-02,2026-01-02 17:08:53,2026-01-02 20:25:24,185,88,75,22,11,94,,40,17.133333333333333,17.133333333333333
2026-01-02,2026-01-01 21:22:51,2026-01-02 08:38:35,541,230,212,99,127,80,38.0,67,21.366666666666667,21.366666666666667
2026-01-02,2026-01-02 10:13:19,2026-01-02 12:08:20,108,33,56,19,5,96,,22,10.216666666666667,34.21666666666667
2026-01-03,2026-01-03 00:29:24,2026-01-03 14:43:46,508,217,144,147,339,59,21.0,53,0.48333333333333334,24.483333333333334
2026-01-04,2026-01-03 19:27:21,2026-01-04 10:38:17,594,360,133,101,316,65,27.0,52,19.45,19.45
2026-01-05,2026-01-04 23:24:08,2026-01-05 15:46:40,719,280,290,149,260,73,33.0,45,23.4,23.4
2026-01-06,2026-01-06 00:01:03,2026-01-06 11:56:16,527,271,150,106,184,74,47.0,65,0.016666666666666666,24.016666666666666
2026-01-07,2026-01-07 00:06:33,2026-01-07 10:40:12,522,265,187,70,111,82,58.0,76,0.1,24.1
2026-01-08,2026-01-08 03:52:53,2026-01-08 14:01:54,448,178,228,42,161,73,35.0,54,3.8666666666666667,27.866666666666667
2026-01-09,2026-01-09 07:23:18,2026-01-09 11:24:09,196,70,108,18,44,81,31.0,27,7.383333333333334,31.383333333333333
2026-01-10,2026-01-10 02:44:04,2026-01-10 12:45:55,422,244,139,39,164,70,52.0,55,2.7333333333333334,26.733333333333334
2026-01-11,2026-01-11 00:52:37,2026-01-11 14:46:21,629,348,187,94,204,75,38.0,66,0.8666666666666667,24.866666666666667
2026-01-12,2026-01-11 19:47:47,2026-01-12 13:36:50,764,505,158,101,305,71,24.0,47,19.783333333333335,19.783333333333335
2026-01-13,2026-01-13 12:31:01,2026-01-13 14:22:32,110,55,53,2,1,98,,20,12.516666666666667,12.516666666666667
2026-01-13,2026-01-12 22:20:41,2026-01-13 08:01:30,360,215,96,49,199,62,23.0,41,22.333333333333332,22.333333333333332
2026-01-14,2026-01-14 00:13:27,2026-01-14 02:06:57,93,55,38,0,20,82,27.0,13,0.21666666666666667,24.216666666666665
2026-01-14,2026-01-14 05:09:12,2026-01-14 09:06:12,186,60,105,21,50,78,,13,5.15,29.15
2026-01-15,2026-01-15 07:34:46,2026-01-15 12:48:38,198,105,52,41,115,63,19.0,17,7.566666666666666,31.566666666666666
2026-01-15,2026-01-15 18:52:53,2026-01-15 20:00:23,61,33,26,2,6,91,,19,18.866666666666667,18.866666666666667
2026-01-16,2026-01-16 08:32:19,2026-01-16 11:37:50,151,67,77,7,34,81,23.0,14,8.533333333333333,32.53333333333333
2026-01-17,2026-01-17 04:30:11,2026-01-17 06:42:03,117,59,58,0,14,89,,21,4.5,28.5
2026-01-17,2026-01-17 12:56:30,2026-01-17 15:24:17,71,12,57,2,76,83,,13,12.933333333333334,12.933333333333334
2026-01-17,2026-01-17 19:49:11,2026-01-17 22:50:42,147,31,95,21,34,81,13.0,18,19.816666666666666,19.816666666666666
2026-01-18,2026-01-18 08:26:12,2026-01-18 12:22:25,200,97,69,34,36,85,,21,8.433333333333334,32.43333333333334
2026-01-19,2026-01-19 05:38:14,2026-01-19 20:47:43,629,291,183,155,260,69,12.0,52,5.633333333333333,29.633333333333333
2026-01-20,2026-01-20 00:08:44,2026-01-20 01:36:40,65,26,39,0,22,74,8.0,5,0.13333333333333333,24.133333333333333
2026-01-20,2026-01-20 05:22:14,2026-01-20 11:33:45,236,81,112,43,135,63,,7,5.366666666666666,29.366666666666667
2026-01-22,2026-01-22 05:21:55,2026-01-22 08:21:25,167,63,71,33,12,93,,22,5.35,29.35
2026-01-22,2026-01-22 10:34:56,2026-01-22 14:07:46,143,64,66,13,69,67,23.0,3,10.566666666666666,34.56666666666666
2026-01-31,2026-01-31 01:26:07,2026-01-31 05:37:12,227,100,75,52,24,90,,42,1.4333333333333333,25.433333333333334
2026-02-01,2026-02-01 17:15:47,2026-02-01 18:34:45,78,40,38,0,0,99,,16,17.25,17.25
2026-02-01,2026-02-01 07:37:36,2026-02-01 09:53:12,130,65,46,19,5,95,,28,7.616666666666667,31.616666666666667
2026-02-02,2026-02-02 05:27:18,2026-02-02 12:13:19,289,127,92,70,117,71,,21,5.45,29.45
2026-02-02,2026-02-02 00:53:17,2026-02-02 02:19:48,86,22,64,0,0,99,38.0,22,0.8833333333333333,24.883333333333333
2026-02-03,2026-02-03 02:43:02,2026-02-03 10:57:06,413,212,129,72,81,84,35.0,73,2.716666666666667,26.71666666666667
2026-02-03,2026-02-03 18:12:27,2026-02-03 19:44:57,82,50,32,0,10,89,,9,18.2,18.2
2026-02-04,2026-02-03 23:37:27,2026-02-04 11:24:34,475,312,101,62,232,67,32.0,52,23.616666666666667,23.616666666666667
2026-02-04,2026-02-04 13:51:29,2026-02-04 18:41:37,235,102,105,28,55,81,,27,13.85,13.85
2026-02-05,2026-02-04 23:16:01,2026-02-05 13:33:03,673,400,154,119,184,78,19.0,66,23.266666666666666,23.266666666666666
2026-02-05,2026-02-05 14:58:33,2026-02-05 19:49:04,231,126,59,46,59,79,,35,14.966666666666667,14.966666666666667
2026-02-06,2026-02-05 23:23:34,2026-02-06 14:29:38,662,422,101,139,244,73,40.0,64,23.383333333333333,23.383333333333333
2026-02-08,2026-02-08 00:19:10,2026-02-08 03:17:11,142,65,63,14,36,80,6.0,13,0.31666666666666665,24.316666666666666
2026-02-08,2026-02-08 05:17:11,2026-02-08 11:15:18,269,112,101,56,89,75,,23,5.283333333333333,29.28333333333333
2026-02-09,2026-02-09 04:36:15,2026-02-09 09:36:05,209,67,99,43,90,69,30.0,40,4.6,28.6
2026-02-10,2026-02-09 20:31:54,2026-02-10 09:14:08,634,446,153,35,128,83,19.0,70,20.516666666666666,20.516666666666666
2026-02-11,2026-02-10 23:34:26,2026-02-11 09:12:24,463,205,213,45,114,80,56.0,45,23.566666666666666,23.566666666666666
2026-02-12,2026-02-11 23:35:09,2026-02-12 11:53:52,554,260,241,53,184,75,51.0,38,23.583333333333332,23.583333333333332
2026-02-13,2026-02-12 23:39:12,2026-02-13 08:16:24,357,167,151,39,160,69,70.0,51,23.65,23.65
2026-02-13,2026-02-13 16:10:01,2026-02-13 20:29:02,257,112,143,2,2,99,,26,16.166666666666668,16.166666666666668
2026-02-14,2026-02-13 23:41:16,2026-02-14 12:36:31,561,304,162,95,214,72,31.0,60,23.683333333333334,23.683333333333334
2026-02-15,2026-02-15 02:02:12,2026-02-15 12:14:14,497,205,211,81,115,81,43.0,59,2.033333333333333,26.03333333333333
2026-02-16,2026-02-15 23:17:20,2026-02-16 12:20:41,632,412,127,93,151,80,57.0,73,23.283333333333335,23.283333333333335
2026-02-17,2026-02-17 02:37:45,2026-02-17 12:06:47,415,264,132,19,154,73,59.0,64,2.6166666666666667,26.616666666666667
2026-02-18,2026-02-18 07:59:10,2026-02-18 21:01:03,607,292,287,28,174,77,4.0,44,7.983333333333333,31.983333333333334
2026-02-19,2026-02-19 00:08:42,2026-02-19 09:27:37,442,287,115,40,116,79,4.0,60,0.13333333333333333,24.133333333333333
2026-02-19,2026-02-19 13:12:34,2026-02-19 14:22:40,69,45,24,0,1,98,,19,13.2,13.2
2026-02-20,2026-02-20 11:32:16,2026-02-20 16:51:29,313,110,155,48,6,98,12.0,71,11.533333333333333,35.53333333333333
2026-02-20,2026-02-20 20:02:17,2026-02-20 21:05:17,55,29,26,0,8,87,,16,20.033333333333335,20.033333333333335
2026-02-21,2026-02-21 16:35:01,2026-02-21 19:01:04,143,41,102,0,3,98,,21,16.583333333333332,16.583333333333332
2026-02-22,2026-02-22 02:32:55,2026-02-22 18:53:30,754,348,223,183,220,76,11.0,63,2.533333333333333,26.53333333333333
2026-02-23,2026-02-23 01:38:46,2026-02-23 03:51:16,116,56,55,5,16,87,11.0,17,1.6333333333333333,25.633333333333333
2026-02-23,2026-02-23 09:53:14,2026-02-23 14:55:45,224,111,81,32,78,74,,11,9.883333333333333,33.88333333333333
2026-02-24,2026-02-24 13:54:12,2026-02-24 16:31:52,154,56,92,6,3,99,,21,13.9,13.9
2026-02-25,2026-02-25 03:07:49,2026-02-25 16:39:51,525,307,163,55,287,64,22.0,53,3.1166666666666667,27.116666666666667
2026-02-27,2026-02-27 07:25:41,2026-02-27 21:41:24,648,392,156,100,207,75,18.0,62,7.416666666666667,31.416666666666668
2026-02-28,2026-02-28 06:26:14,2026-02-28 08:48:27,139,40,93,6,3,97,,22,6.433333333333334,30.433333333333334
2026-02-28,2026-02-28 12:19:14,2026-02-28 14:33:03,125,24,68,33,8,96,,31,12.316666666666666,12.316666666666666
2026-02-28,2026-02-28 21:57:30,2026-02-28 23:37:31,98,36,41,21,2,98,13.0,50,21.95,21.95
2026-03-01,2026-03-01 04:21:01,2026-03-01 18:08:01,506,312,144,50,321,61,,53,4.35,28.35
2026-03-01,2026-03-01 21:06:02,2026-03-01 22:23:03,71,28,28,15,6,94,23.0,76,21.1,21.1
2026-03-02,2026-03-02 03:27:37,2026-03-02 17:26:39,617,403,87,127,222,73,,62,3.45,27.45
2026-03-03,2026-03-02 19:40:39,2026-03-03 13:55:47,815,535,133,147,280,74,18.0,60,19.666666666666668,19.666666666666668
2026-03-03,2026-03-03 14:39:30,2026-03-03 16:40:21,109,69,33,7,11,90,,20,14.65,14.65
2026-03-04,2026-03-03 22:26:19,2026-03-04 13:19:19,662,466,90,106,231,74,23.0,60,22.433333333333334,22.433333333333334
2026-03-06,2026-03-06 02:35:04,2026-03-06 13:48:54,567,350,116,101,106,84,41.0,75,2.5833333333333335,26.583333333333332
2026-03-06,2026-03-06 21:41:11,2026-03-06 23:12:41,70,40,25,5,21,76,,12,21.683333333333334,21.683333333333334
2026-03-07,2026-03-07 04:01:41,2026-03-07 17:27:22,620,417,102,101,185,76,33.0,63,4.016666666666667,28.016666666666666
2026-03-08,2026-03-08 12:10:20,2026-03-08 17:53:34,240,72,91,77,103,70,,8,12.166666666666666,12.166666666666666
2026-03-08,2026-03-08 04:02:33,2026-03-08 08:31:33,196,125,64,7,72,73,19.0,16,4.033333333333333,28.03333333333333
2026-03-09,2026-03-09 02:04:57,2026-03-09 08:55:11,261,196,54,11,149,63,20.0,42,2.066666666666667,26.066666666666666
2026-03-09,2026-03-09 13:15:41,2026-03-09 16:33:43,114,84,23,7,84,57,,2,13.25,13.25
2026-03-10,2026-03-10 00:44:42,2026-03-10 11:10:48,476,142,163,171,150,76,27.0,63,0.7333333333333333,24.733333333333334
2026-03-10,2026-03-10 21:42:45,2026-03-10 23:00:15,66,42,24,0,11,87,,16,21.7,21.7
2026-03-11,2026-03-11 03:04:46,2026-03-11 14:36:28,482,239,113,130,209,69,28.0,57,3.066666666666667,27.066666666666666
2026-03-11,2026-03-11 21:21:18,2026-03-11 23:39:18,113,62,51,0,25,82,,8,21.35,21.35
2026-03-12,2026-03-12 02:29:49,2026-03-12 16:23:10,578,366,122,90,255,69,36.0,59,2.4833333333333334,26.483333333333334
2026-03-13,2026-03-13 01:16:39,2026-03-13 15:06:04,633,402,108,123,196,76,49.0,68,1.2666666666666666,25.266666666666666
2026-03-14,2026-03-14 02:31:31,2026-03-14 04:12:31,70,31,37,2,31,69,59.0,11,2.5166666666666666,26.516666666666666
2026-03-14,2026-03-14 06:56:14,2026-03-14 08:07:14,69,54,15,0,2,97,,21,6.933333333333334,30.933333333333334
2026-03-14,2026-03-14 10:44:14,2026-03-14 11:51:45,15,2,13,0,52,100,,18,10.733333333333333,34.733333333333334
